ticket_id,code,prefix,status,scanned,scan_count,first_scan_time,last_scan_time,created_at
1,A-5367-GENOM,A,valid,False,0,,,2026-02-01T07:15:08.577853
2,A-4151-GOROS,A,valid,False,0,,,2026-02-01T07:15:08.577869
3,A-6850-PUSOG,A,valid,False,0,,,2026-02-01T07:15:08.577874
4,A-5267-PUXIX,A,valid,False,0,,,2026-02-01T07:15:08.577878
5,A-4760-MAYAZ,A,valid,False,0,,,2026-02-01T07:15:08.577887
6,A-9763-JICEJ,A,valid,False,0,,,2026-02-01T07:15:08.577893
7,A-1014-RELOG,A,valid,False,0,,,2026-02-01T07:15:08.577897
8,A-6767-BUGIC,A,valid,False,0,,,2026-02-01T07:15:08.577902
9,A-6021-RESAK,A,valid,False,0,,,2026-02-01T07:15:08.577909
10,A-2416-LUSAG,A,valid,False,0,,,2026-02-01T07:15:08.577914
11,A-4817-LOZEN,A,valid,False,0,,,2026-02-01T07:15:08.577918
12,A-5843-BENIM,A,valid,False,0,,,2026-02-01T07:15:08.577922
13,A-3731-WUSIT,A,valid,False,0,,,2026-02-01T07:15:08.577927
14,A-4993-LEFUW,A,valid,False,0,,,2026-02-01T07:15:08.577931
15,A-4241-ZUYEH,A,valid,False,0,,,2026-02-01T07:15:08.577935
16,A-1200-TUKIJ,A,valid,False,0,,,2026-02-01T07:15:08.577940
17,A-4490-WEZIS,A,valid,False,0,,,2026-02-01T07:15:08.577969
18,A-2346-TUTON,A,valid,False,0,,,2026-02-01T07:15:08.577972
19,A-4930-COROK,A,valid,False,0,,,2026-02-01T07:15:08.577976
20,A-4631-XADOT,A,valid,False,0,,,2026-02-01T07:15:08.577980
21,A-4168-LOJAC,A,valid,False,0,,,2026-02-01T07:15:08.577983
22,A-6376-YEZEL,A,valid,False,0,,,2026-02-01T07:15:08.577986
23,A-7741-XIVOM,A,valid,False,0,,,2026-02-01T07:15:08.577988
24,A-5453-CEPAV,A,valid,False,0,,,2026-02-01T07:15:08.577991
25,A-7926-DEFOL,A,valid,False,0,,,2026-02-01T07:15:08.577994
26,A-2857-JUGOH,A,valid,False,0,,,2026-02-01T07:15:08.577997
27,A-6387-KONUJ,A,valid,False,0,,,2026-02-01T07:15:08.578000
28,A-4581-NISUX,A,valid,False,0,,,2026-02-01T07:15:08.578003
29,A-3555-VANOM,A,valid,False,0,,,2026-02-01T07:15:08.578009
30,A-6543-GAFEJ,A,valid,False,0,,,2026-02-01T07:15:08.578012
31,A-9292-NOZUF,A,valid,False,0,,,2026-02-01T07:15:08.578015
32,A-3289-GUYAS,A,valid,False,0,,,2026-02-01T07:15:08.578018
33,A-2290-SIFAP,A,valid,False,0,,,2026-02-01T07:15:08.578021
34,A-4856-ZUWUJ,A,valid,False,0,,,2026-02-01T07:15:08.578024
35,A-4569-YATUZ,A,valid,False,0,,,2026-02-01T07:15:08.578027
36,A-6537-DELOS,A,valid,False,0,,,2026-02-01T07:15:08.578030
37,A-8106-SUWOT,A,valid,False,0,,,2026-02-01T07:15:08.578033
38,A-6079-YOSEB,A,valid,False,0,,,2026-02-01T07:15:08.578036
39,A-5958-MOMEL,A,valid,False,0,,,2026-02-01T07:15:08.578039
40,A-3085-DASOV,A,valid,False,0,,,2026-02-01T07:15:08.578042
41,A-2051-COCAJ,A,valid,False,0,,,2026-02-01T07:15:08.578045
42,A-2716-LUKUC,A,valid,False,0,,,2026-02-01T07:15:08.578048
43,A-5510-WEROX,A,valid,False,0,,,2026-02-01T07:15:08.578051
44,A-9339-COPIJ,A,valid,False,0,,,2026-02-01T07:15:08.578054
45,A-8117-JARIP,A,valid,False,0,,,2026-02-01T07:15:08.578057
46,A-8422-RILAT,A,valid,False,0,,,2026-02-01T07:15:08.578060
47,A-8662-XEZOV,A,valid,False,0,,,2026-02-01T07:15:08.578063
48,A-1371-JUZIG,A,valid,False,0,,,2026-02-01T07:15:08.578068
49,A-1859-KOBOV,A,valid,False,0,,,2026-02-01T07:15:08.578071
50,A-4449-WOLIJ,A,valid,False,0,,,2026-02-01T07:15:08.578076
51,A-8422-PUNES,A,valid,False,0,,,2026-02-01T07:15:08.578079
52,A-2563-JAJES,A,valid,False,0,,,2026-02-01T07:15:08.578082
53,A-1816-DULER,A,valid,False,0,,,2026-02-01T07:15:08.578085
54,A-5718-YOHIT,A,valid,False,0,,,2026-02-01T07:15:08.578299
55,A-9647-NUKEV,A,valid,False,0,,,2026-02-01T07:15:08.578304
56,A-6769-VAMIF,A,valid,False,0,,,2026-02-01T07:15:08.578307
57,A-6741-SUFEZ,A,valid,False,0,,,2026-02-01T07:15:08.578310
58,A-3958-WAYIF,A,valid,False,0,,,2026-02-01T07:15:08.578313
59,A-3466-TOKEZ,A,valid,False,0,,,2026-02-01T07:15:08.578317
60,A-2152-GEWIS,A,valid,False,0,,,2026-02-01T07:15:08.578320
61,A-3059-DIPUC,A,valid,False,0,,,2026-02-01T07:15:08.578323
62,A-7885-PAROS,A,valid,False,0,,,2026-02-01T07:15:08.578327
63,A-2934-HIDEP,A,valid,False,0,,,2026-02-01T07:15:08.578330
64,A-4828-WUCUZ,A,valid,False,0,,,2026-02-01T07:15:08.578333
65,A-2236-WEWOR,A,valid,False,0,,,2026-02-01T07:15:08.578337
66,A-4354-PIHUF,A,valid,False,0,,,2026-02-01T07:15:08.578340
67,A-3130-LEJAR,A,valid,False,0,,,2026-02-01T07:15:08.578343
68,A-1857-BOPUF,A,valid,False,0,,,2026-02-01T07:15:08.578346
69,A-2851-CIFUG,A,valid,False,0,,,2026-02-01T07:15:08.578349
70,A-8675-ZOPIH,A,valid,False,0,,,2026-02-01T07:15:08.578352
71,A-4534-FAFUS,A,valid,False,0,,,2026-02-01T07:15:08.578355
72,A-3335-BAVUN,A,valid,False,0,,,2026-02-01T07:15:08.578358
73,A-7790-PUHOW,A,valid,False,0,,,2026-02-01T07:15:08.578361
74,A-3294-XAGEF,A,valid,False,0,,,2026-02-01T07:15:08.578365
75,A-2109-WOCOM,A,valid,False,0,,,2026-02-01T07:15:08.578369
76,A-5035-MUJUZ,A,valid,False,0,,,2026-02-01T07:15:08.578373
77,A-5153-DUWIN,A,valid,False,0,,,2026-02-01T07:15:08.578385
78,A-2104-PUJAW,A,valid,False,0,,,2026-02-01T07:15:08.578389
79,A-5152-TIPUF,A,valid,False,0,,,2026-02-01T07:15:08.578392
80,A-3798-GIMIS,A,valid,False,0,,,2026-02-01T07:15:08.578395
81,A-3188-SOTOL,A,valid,False,0,,,2026-02-01T07:15:08.578398
82,A-1748-GIXUG,A,valid,False,0,,,2026-02-01T07:15:08.578401
83,A-7217-XAXEC,A,valid,False,0,,,2026-02-01T07:15:08.578404
84,A-7119-ZEYAD,A,valid,False,0,,,2026-02-01T07:15:08.578407
85,A-4076-LANAL,A,valid,False,0,,,2026-02-01T07:15:08.578410
86,A-6783-YUCOF,A,valid,False,0,,,2026-02-01T07:15:08.578417
87,A-4661-XOZER,A,valid,False,0,,,2026-02-01T07:15:08.578423
88,A-2189-JIREJ,A,valid,False,0,,,2026-02-01T07:15:08.578426
89,A-2956-ZIJAY,A,valid,False,0,,,2026-02-01T07:15:08.578428
90,A-8575-XAGAS,A,valid,False,0,,,2026-02-01T07:15:08.578431
91,A-1198-DANOH,A,valid,False,0,,,2026-02-01T07:15:08.578434
92,A-9546-VIYAM,A,valid,False,0,,,2026-02-01T07:15:08.578438
93,A-4928-VIXIL,A,valid,False,0,,,2026-02-01T07:15:08.578443
94,A-8541-KIJIC,A,valid,False,0,,,2026-02-01T07:15:08.578447
95,A-7221-LAKER,A,valid,False,0,,,2026-02-01T07:15:08.578451
96,A-3100-BUBIT,A,valid,False,0,,,2026-02-01T07:15:08.578455
97,A-7036-TARUW,A,valid,False,0,,,2026-02-01T07:15:08.578460
98,A-7836-MOJEY,A,valid,False,0,,,2026-02-01T07:15:08.578464
99,A-9285-YOJIB,A,valid,False,0,,,2026-02-01T07:15:08.578468
100,A-5022-PUTEV,A,valid,False,0,,,2026-02-01T07:15:08.578472
101,B-2975-CIZAK,B,valid,False,0,,,2026-02-01T07:15:08.578528
102,B-3822-VORUN,B,valid,False,0,,,2026-02-01T07:15:08.578532
103,B-6610-JEVEW,B,valid,False,0,,,2026-02-01T07:15:08.578535
104,B-7050-PIHIY,B,valid,False,0,,,2026-02-01T07:15:08.578538
105,B-3174-DURIB,B,valid,False,0,,,2026-02-01T07:15:08.578541
106,B-7628-RUCUG,B,valid,False,0,,,2026-02-01T07:15:08.578544
107,B-4373-KAZEV,B,valid,False,0,,,2026-02-01T07:15:08.578550
108,B-7855-DIVUT,B,valid,False,0,,,2026-02-01T07:15:08.578553
109,B-9807-RIWAY,B,valid,False,0,,,2026-02-01T07:15:08.578556
110,B-8895-ZOTOW,B,valid,False,0,,,2026-02-01T07:15:08.578559
111,B-8753-KULEZ,B,valid,False,0,,,2026-02-01T07:15:08.578562
112,B-7141-GUSIF,B,valid,False,0,,,2026-02-01T07:15:08.578564
113,B-5203-KIFEL,B,valid,False,0,,,2026-02-01T07:15:08.578567
114,B-8704-LAJUD,B,valid,False,0,,,2026-02-01T07:15:08.578570
115,B-6166-HIXUV,B,valid,False,0,,,2026-02-01T07:15:08.578573
116,B-7518-LOWEM,B,valid,False,0,,,2026-02-01T07:15:08.578576
117,B-8705-ZACEH,B,valid,False,0,,,2026-02-01T07:15:08.578579
118,B-2462-KOZUG,B,valid,False,0,,,2026-02-01T07:15:08.578585
119,B-4562-FOCIN,B,valid,False,0,,,2026-02-01T07:15:08.578588
120,B-1475-TODUP,B,valid,False,0,,,2026-02-01T07:15:08.578591
121,B-4870-ZUJUK,B,valid,False,0,,,2026-02-01T07:15:08.578594
122,B-2070-RIZUX,B,valid,False,0,,,2026-02-01T07:15:08.578597
123,B-4130-PUWUC,B,valid,False,0,,,2026-02-01T07:15:08.578600
124,B-4392-DELEV,B,valid,False,0,,,2026-02-01T07:15:08.578602
125,B-5701-MAPIV,B,valid,False,0,,,2026-02-01T07:15:08.578605
126,B-1407-FOLOP,B,valid,False,0,,,2026-02-01T07:15:08.578612
127,B-1679-DIYUG,B,valid,False,0,,,2026-02-01T07:15:08.578622
128,B-6596-YUCOH,B,valid,False,0,,,2026-02-01T07:15:08.578625
129,B-1044-GIWAN,B,valid,False,0,,,2026-02-01T07:15:08.578628
130,B-1133-POPEY,B,valid,False,0,,,2026-02-01T07:15:08.578632
131,B-3557-XIDAG,B,valid,False,0,,,2026-02-01T07:15:08.578634
132,B-5503-RIZIZ,B,valid,False,0,,,2026-02-01T07:15:08.578637
133,B-1936-XIGEP,B,valid,False,0,,,2026-02-01T07:15:08.578640
134,B-7481-KOCAB,B,valid,False,0,,,2026-02-01T07:15:08.578643
135,B-4962-PUHEC,B,valid,False,0,,,2026-02-01T07:15:08.578646
136,B-4548-WIRUT,B,valid,False,0,,,2026-02-01T07:15:08.578649
137,B-4668-XUGEW,B,valid,False,0,,,2026-02-01T07:15:08.578652
138,B-8867-TAFEM,B,valid,False,0,,,2026-02-01T07:15:08.578655
139,B-6049-TEXUS,B,valid,False,0,,,2026-02-01T07:15:08.578657
140,B-2570-XAVEF,B,valid,False,0,,,2026-02-01T07:15:08.578660
141,B-8340-ZICUH,B,valid,False,0,,,2026-02-01T07:15:08.578663
142,B-6005-YUHUT,B,valid,False,0,,,2026-02-01T07:15:08.578666
143,B-1267-FUKOB,B,valid,False,0,,,2026-02-01T07:15:08.578669
144,B-9072-MAFUZ,B,valid,False,0,,,2026-02-01T07:15:08.578672
145,B-5068-RUGOK,B,valid,False,0,,,2026-02-01T07:15:08.578674
146,B-1979-FAFOL,B,valid,False,0,,,2026-02-01T07:15:08.578680
147,B-6308-KATEY,B,valid,False,0,,,2026-02-01T07:15:08.578683
148,B-6558-NOPIZ,B,valid,False,0,,,2026-02-01T07:15:08.578687
149,B-3075-FEMAZ,B,valid,False,0,,,2026-02-01T07:15:08.578690
150,B-7721-NODUM,B,valid,False,0,,,2026-02-01T07:15:08.578695
151,B-9428-GABUY,B,valid,False,0,,,2026-02-01T07:15:08.578698
152,B-9446-NOVEF,B,valid,False,0,,,2026-02-01T07:15:08.578704
153,B-9544-GAJOW,B,valid,False,0,,,2026-02-01T07:15:08.578707
154,B-6528-ZEDEL,B,valid,False,0,,,2026-02-01T07:15:08.578710
155,B-7975-KAVOD,B,valid,False,0,,,2026-02-01T07:15:08.578712
156,B-7453-BAMOJ,B,valid,False,0,,,2026-02-01T07:15:08.578715
157,B-6052-BOMIF,B,valid,False,0,,,2026-02-01T07:15:08.578718
158,B-4056-KOVOF,B,valid,False,0,,,2026-02-01T07:15:08.578721
159,B-8994-RIREK,B,valid,False,0,,,2026-02-01T07:15:08.578724
160,B-5956-GOYOJ,B,valid,False,0,,,2026-02-01T07:15:08.578727
161,B-6674-NEXUW,B,valid,False,0,,,2026-02-01T07:15:08.578730
162,B-4915-WEZAC,B,valid,False,0,,,2026-02-01T07:15:08.578733
163,B-7382-FEGAP,B,valid,False,0,,,2026-02-01T07:15:08.578736
164,B-8805-XIVIF,B,valid,False,0,,,2026-02-01T07:15:08.578739
165,B-3171-ZEYUP,B,valid,False,0,,,2026-02-01T07:15:08.578744
166,B-6045-LEMEB,B,valid,False,0,,,2026-02-01T07:15:08.578748
167,B-8491-POZUG,B,valid,False,0,,,2026-02-01T07:15:08.578750
168,B-6423-COZUJ,B,valid,False,0,,,2026-02-01T07:15:08.578753
169,B-1305-TOSIN,B,valid,False,0,,,2026-02-01T07:15:08.578756
170,B-7274-NORUN,B,valid,False,0,,,2026-02-01T07:15:08.578759
171,B-5106-GANEK,B,valid,False,0,,,2026-02-01T07:15:08.578762
172,B-5643-PITEG,B,valid,False,0,,,2026-02-01T07:15:08.578765
173,B-3256-RUJAW,B,valid,False,0,,,2026-02-01T07:15:08.578768
174,B-5646-BEYOT,B,valid,False,0,,,2026-02-01T07:15:08.578771
175,B-4627-PUPIS,B,valid,False,0,,,2026-02-01T07:15:08.578773
176,B-7404-FOXUL,B,valid,False,0,,,2026-02-01T07:15:08.578776
177,B-3803-GEDUX,B,valid,False,0,,,2026-02-01T07:15:08.578779
178,B-2165-FAKIM,B,valid,False,0,,,2026-02-01T07:15:08.578782
179,B-4196-YODIY,B,valid,False,0,,,2026-02-01T07:15:08.578785
180,B-5611-GUKAF,B,valid,False,0,,,2026-02-01T07:15:08.578788
181,B-4929-PAJUK,B,valid,False,0,,,2026-02-01T07:15:08.578793
182,B-2580-HAJUT,B,valid,False,0,,,2026-02-01T07:15:08.578796
183,B-4177-VIBOP,B,valid,False,0,,,2026-02-01T07:15:08.578799
184,B-6289-VIGUZ,B,valid,False,0,,,2026-02-01T07:15:08.578802
185,B-1398-ZEYEH,B,valid,False,0,,,2026-02-01T07:15:08.578807
186,B-9579-KUREL,B,valid,False,0,,,2026-02-01T07:15:08.578810
187,B-8719-JOVOH,B,valid,False,0,,,2026-02-01T07:15:08.578813
188,B-4874-KULOK,B,valid,False,0,,,2026-02-01T07:15:08.578816
189,B-4413-NOWOY,B,valid,False,0,,,2026-02-01T07:15:08.578819
190,B-6773-LOJAR,B,valid,False,0,,,2026-02-01T07:15:08.578822
191,B-1459-SIFOK,B,valid,False,0,,,2026-02-01T07:15:08.578825
192,B-1816-WORIT,B,valid,False,0,,,2026-02-01T07:15:08.578828
193,B-6188-HUPIP,B,valid,False,0,,,2026-02-01T07:15:08.578831
194,B-7340-HEXAW,B,valid,False,0,,,2026-02-01T07:15:08.578834
195,B-1804-REDAK,B,valid,False,0,,,2026-02-01T07:15:08.578837
196,B-1781-RAWOG,B,valid,False,0,,,2026-02-01T07:15:08.578840
197,B-8396-ZEYAD,B,valid,False,0,,,2026-02-01T07:15:08.578844
198,B-6946-FETUP,B,valid,False,0,,,2026-02-01T07:15:08.578849
199,B-5096-XAPIP,B,valid,False,0,,,2026-02-01T07:15:08.578853
200,B-1966-CAPAN,B,valid,False,0,,,2026-02-01T07:15:08.578858
201,C-1157-YOJUX,C,valid,False,0,,,2026-02-01T07:15:08.578917
202,C-8785-CAZES,C,valid,False,0,,,2026-02-01T07:15:08.578921
203,C-4535-WESOX,C,valid,False,0,,,2026-02-01T07:15:08.578925
204,C-2851-CIPUK,C,valid,False,0,,,2026-02-01T07:15:08.578935
205,C-7124-NOMEK,C,valid,False,0,,,2026-02-01T07:15:08.578938
206,C-3023-SURAC,C,valid,False,0,,,2026-02-01T07:15:08.578942
207,C-8241-BAWAZ,C,valid,False,0,,,2026-02-01T07:15:08.578957
208,C-9632-GAMIN,C,valid,False,0,,,2026-02-01T07:15:08.578960
209,C-7829-FOFOJ,C,valid,False,0,,,2026-02-01T07:15:08.578964
210,C-5385-MEHEJ,C,valid,False,0,,,2026-02-01T07:15:08.578967
211,C-8159-BAMUC,C,valid,False,0,,,2026-02-01T07:15:08.578970
212,C-8849-BIGUC,C,valid,False,0,,,2026-02-01T07:15:08.578973
213,C-6686-FOTUG,C,valid,False,0,,,2026-02-01T07:15:08.578979
214,C-4327-SAWOC,C,valid,False,0,,,2026-02-01T07:15:08.578982
215,C-1677-SEFUL,C,valid,False,0,,,2026-02-01T07:15:08.578985
216,C-9859-ZEHAY,C,valid,False,0,,,2026-02-01T07:15:08.578988
217,C-2160-HAWON,C,valid,False,0,,,2026-02-01T07:15:08.578991
218,C-5880-RODUV,C,valid,False,0,,,2026-02-01T07:15:08.578994
219,C-7631-ZEZUP,C,valid,False,0,,,2026-02-01T07:15:08.578998
220,C-4893-WURUN,C,valid,False,0,,,2026-02-01T07:15:08.579002
221,C-4611-XAXIV,C,valid,False,0,,,2026-02-01T07:15:08.579006
222,C-8016-HEVIM,C,valid,False,0,,,2026-02-01T07:15:08.579010
223,C-4987-LABUV,C,valid,False,0,,,2026-02-01T07:15:08.579014
224,C-8467-VAYIX,C,valid,False,0,,,2026-02-01T07:15:08.579022
225,C-3338-KIZAJ,C,valid,False,0,,,2026-02-01T07:15:08.579026
226,C-9755-FUKAB,C,valid,False,0,,,2026-02-01T07:15:08.579032
227,C-5301-TOBEG,C,valid,False,0,,,2026-02-01T07:15:08.579036
228,C-3596-WOJOP,C,valid,False,0,,,2026-02-01T07:15:08.579039
229,C-5618-ZUKOS,C,valid,False,0,,,2026-02-01T07:15:08.579042
230,C-1352-NIBOY,C,valid,False,0,,,2026-02-01T07:15:08.579045
231,C-1200-CEGAK,C,valid,False,0,,,2026-02-01T07:15:08.579048
232,C-5242-FUTIT,C,valid,False,0,,,2026-02-01T07:15:08.579051
233,C-8957-VIMAS,C,valid,False,0,,,2026-02-01T07:15:08.579054
234,C-1898-SAYAV,C,valid,False,0,,,2026-02-01T07:15:08.579060
235,C-7386-FOFUN,C,valid,False,0,,,2026-02-01T07:15:08.579063
236,C-3875-ZUDIL,C,valid,False,0,,,2026-02-01T07:15:08.579066
237,C-4703-YIJAZ,C,valid,False,0,,,2026-02-01T07:15:08.579069
238,C-1541-BOTAC,C,valid,False,0,,,2026-02-01T07:15:08.579072
239,C-3410-MOJUT,C,valid,False,0,,,2026-02-01T07:15:08.579075
240,C-4400-CILIJ,C,valid,False,0,,,2026-02-01T07:15:08.579078
241,C-8849-GIXAS,C,valid,False,0,,,2026-02-01T07:15:08.579081
242,C-1015-VEMAT,C,valid,False,0,,,2026-02-01T07:15:08.579084
243,C-8324-NALOF,C,valid,False,0,,,2026-02-01T07:15:08.579089
244,C-6980-BOGAG,C,valid,False,0,,,2026-02-01T07:15:08.579092
245,C-1791-LUMET,C,valid,False,0,,,2026-02-01T07:15:08.579097
246,C-4553-JOMUM,C,valid,False,0,,,2026-02-01T07:15:08.579100
247,C-9096-JEZEY,C,valid,False,0,,,2026-02-01T07:15:08.579103
248,C-7798-FUPIN,C,valid,False,0,,,2026-02-01T07:15:08.579106
249,C-5333-ZEKAK,C,valid,False,0,,,2026-02-01T07:15:08.579109
250,C-4920-DAGES,C,valid,False,0,,,2026-02-01T07:15:08.579112
251,C-3584-KEXEY,C,valid,False,0,,,2026-02-01T07:15:08.579115
252,C-1974-FELOX,C,valid,False,0,,,2026-02-01T07:15:08.579118
253,C-3842-ROFUW,C,valid,False,0,,,2026-02-01T07:15:08.579121
254,C-1904-ZETAL,C,valid,False,0,,,2026-02-01T07:15:08.579126
255,C-9782-GIWAY,C,valid,False,0,,,2026-02-01T07:15:08.579129
256,C-2824-NIWOM,C,valid,False,0,,,2026-02-01T07:15:08.579132
257,C-4142-RIPOJ,C,valid,False,0,,,2026-02-01T07:15:08.579135
258,C-1291-VIMOX,C,valid,False,0,,,2026-02-01T07:15:08.579139
259,C-5820-LIBET,C,valid,False,0,,,2026-02-01T07:15:08.579143
260,C-5046-GIGIM,C,valid,False,0,,,2026-02-01T07:15:08.579146
261,C-3494-KIWIN,C,valid,False,0,,,2026-02-01T07:15:08.579149
262,C-5822-NOWAG,C,valid,False,0,,,2026-02-01T07:15:08.579152
263,C-4257-SUVAC,C,valid,False,0,,,2026-02-01T07:15:08.579158
264,C-5367-HUCOZ,C,valid,False,0,,,2026-02-01T07:15:08.579161
265,C-3992-BUDIV,C,valid,False,0,,,2026-02-01T07:15:08.579164
266,C-4295-WAPEK,C,valid,False,0,,,2026-02-01T07:15:08.579167
267,C-2381-NUDEX,C,valid,False,0,,,2026-02-01T07:15:08.579170
268,C-6668-FIXUN,C,valid,False,0,,,2026-02-01T07:15:08.579173
269,C-1512-NOCOB,C,valid,False,0,,,2026-02-01T07:15:08.579176
270,C-1408-LOBUF,C,valid,False,0,,,2026-02-01T07:15:08.579179
271,C-7371-BAJIK,C,valid,False,0,,,2026-02-01T07:15:08.579182
272,C-5041-MOMOW,C,valid,False,0,,,2026-02-01T07:15:08.579185
273,C-9650-VOBIJ,C,valid,False,0,,,2026-02-01T07:15:08.579188
274,C-4685-PECOF,C,valid,False,0,,,2026-02-01T07:15:08.579191
275,C-2193-VOFUY,C,valid,False,0,,,2026-02-01T07:15:08.579194
276,C-1344-NICUM,C,valid,False,0,,,2026-02-01T07:15:08.579197
277,C-8877-MIWUB,C,valid,False,0,,,2026-02-01T07:15:08.579202
278,C-4880-WOXUH,C,valid,False,0,,,2026-02-01T07:15:08.579205
279,C-3138-POJEB,C,valid,False,0,,,2026-02-01T07:15:08.579208
280,C-9283-JODOP,C,valid,False,0,,,2026-02-01T07:15:08.579211
281,C-3782-TOTOJ,C,valid,False,0,,,2026-02-01T07:15:08.579214
282,C-8192-NONAM,C,valid,False,0,,,2026-02-01T07:15:08.579219
283,C-5732-BAPET,C,valid,False,0,,,2026-02-01T07:15:08.579222
284,C-4849-VADIC,C,valid,False,0,,,2026-02-01T07:15:08.579225
285,C-9560-DUJEL,C,valid,False,0,,,2026-02-01T07:15:08.579228
286,C-9074-KEZIF,C,valid,False,0,,,2026-02-01T07:15:08.579232
287,C-1802-BUSAF,C,valid,False,0,,,2026-02-01T07:15:08.579235
288,C-2665-XATAS,C,valid,False,0,,,2026-02-01T07:15:08.579238
289,C-1914-NOTIB,C,valid,False,0,,,2026-02-01T07:15:08.579241
290,C-5664-KOFIV,C,valid,False,0,,,2026-02-01T07:15:08.579244
291,C-8601-KISAL,C,valid,False,0,,,2026-02-01T07:15:08.579247
292,C-6904-LUHOD,C,valid,False,0,,,2026-02-01T07:15:08.579250
293,C-3616-BOZAF,C,valid,False,0,,,2026-02-01T07:15:08.579253
294,C-6754-ZAZOX,C,valid,False,0,,,2026-02-01T07:15:08.579256
295,C-8916-LAHEC,C,valid,False,0,,,2026-02-01T07:15:08.579259
296,C-4738-VOMEF,C,valid,False,0,,,2026-02-01T07:15:08.579267
297,C-2390-WUTOV,C,valid,False,0,,,2026-02-01T07:15:08.579270
298,C-1422-VOYUJ,C,valid,False,0,,,2026-02-01T07:15:08.579273
299,C-6140-BOPEV,C,valid,False,0,,,2026-02-01T07:15:08.579276
300,C-8048-SOCIZ,C,valid,False,0,,,2026-02-01T07:15:08.579279
301,D-8678-MOWUR,D,valid,False,0,,,2026-02-01T07:15:08.579326
302,D-1045-PAGEX,D,valid,False,0,,,2026-02-01T07:15:08.579332
303,D-2141-TOKUT,D,valid,False,0,,,2026-02-01T07:15:08.579335
304,D-2646-TAPON,D,valid,False,0,,,2026-02-01T07:15:08.579338
305,D-5488-LIXEK,D,valid,False,0,,,2026-02-01T07:15:08.579344
306,D-4957-RECAS,D,valid,False,0,,,2026-02-01T07:15:08.579347
307,D-1330-XIHUP,D,valid,False,0,,,2026-02-01T07:15:08.579374
308,D-1929-MIXOD,D,valid,False,0,,,2026-02-01T07:15:08.579378
309,D-3771-CIJOX,D,valid,False,0,,,2026-02-01T07:15:08.579383
310,D-5212-JASAP,D,valid,False,0,,,2026-02-01T07:15:08.579386
311,D-5356-DUNIM,D,valid,False,0,,,2026-02-01T07:15:08.579389
312,D-9764-MOZUB,D,valid,False,0,,,2026-02-01T07:15:08.579392
313,D-9476-WIDEZ,D,valid,False,0,,,2026-02-01T07:15:08.579395
314,D-5374-XILIV,D,valid,False,0,,,2026-02-01T07:15:08.579398
315,D-2456-WUWEC,D,valid,False,0,,,2026-02-01T07:15:08.579401
316,D-6772-HUCUV,D,valid,False,0,,,2026-02-01T07:15:08.579404
317,D-7023-GAMAW,D,valid,False,0,,,2026-02-01T07:15:08.579407
318,D-7596-DUCOY,D,valid,False,0,,,2026-02-01T07:15:08.579410
319,D-3288-MIJOV,D,valid,False,0,,,2026-02-01T07:15:08.579414
320,D-5302-HOWEZ,D,valid,False,0,,,2026-02-01T07:15:08.579417
321,D-2654-TADUN,D,valid,False,0,,,2026-02-01T07:15:08.579422
322,D-6591-LUGUG,D,valid,False,0,,,2026-02-01T07:15:08.579425
323,D-2533-RELUC,D,valid,False,0,,,2026-02-01T07:15:08.579428
324,D-2485-GADOK,D,valid,False,0,,,2026-02-01T07:15:08.579431
325,D-4512-NEZUK,D,valid,False,0,,,2026-02-01T07:15:08.579434
326,D-7216-BODEL,D,valid,False,0,,,2026-02-01T07:15:08.579437
327,D-6774-MATAS,D,valid,False,0,,,2026-02-01T07:15:08.579440
328,D-9233-DUBIL,D,valid,False,0,,,2026-02-01T07:15:08.579443
329,D-4394-HEVEV,D,valid,False,0,,,2026-02-01T07:15:08.579445
330,D-5761-KOVIF,D,valid,False,0,,,2026-02-01T07:15:08.579448
331,D-1621-XIMUD,D,valid,False,0,,,2026-02-01T07:15:08.579453
332,D-3248-ZEVAT,D,valid,False,0,,,2026-02-01T07:15:08.579457
333,D-9520-YIMIM,D,valid,False,0,,,2026-02-01T07:15:08.579461
334,D-5846-FUHAR,D,valid,False,0,,,2026-02-01T07:15:08.579466
335,D-1717-NAZIS,D,valid,False,0,,,2026-02-01T07:15:08.579470
336,D-9566-RUYAZ,D,valid,False,0,,,2026-02-01T07:15:08.579474
337,D-3364-MEXIB,D,valid,False,0,,,2026-02-01T07:15:08.579478
338,D-2851-BUHEY,D,valid,False,0,,,2026-02-01T07:15:08.579482
339,D-5695-HOZUK,D,valid,False,0,,,2026-02-01T07:15:08.579489
340,D-1436-WEPES,D,valid,False,0,,,2026-02-01T07:15:08.579492
341,D-2654-BELIR,D,valid,False,0,,,2026-02-01T07:15:08.579500
342,D-8791-LAYAV,D,valid,False,0,,,2026-02-01T07:15:08.579503
343,D-8122-LAYIK,D,valid,False,0,,,2026-02-01T07:15:08.579506
344,D-4480-SUHUN,D,valid,False,0,,,2026-02-01T07:15:08.579509
345,D-9560-DAPES,D,valid,False,0,,,2026-02-01T07:15:08.579513
346,D-7093-GUNUR,D,valid,False,0,,,2026-02-01T07:15:08.579518
347,D-6912-BITAD,D,valid,False,0,,,2026-02-01T07:15:08.579522
348,D-8267-TERIZ,D,valid,False,0,,,2026-02-01T07:15:08.579526
349,D-6342-MAPAH,D,valid,False,0,,,2026-02-01T07:15:08.579531
350,D-5136-KUXUT,D,valid,False,0,,,2026-02-01T07:15:08.579535
351,D-9568-HEDER,D,valid,False,0,,,2026-02-01T07:15:08.579539
352,D-3218-NEZUD,D,valid,False,0,,,2026-02-01T07:15:08.579543
353,D-6310-ROKAF,D,valid,False,0,,,2026-02-01T07:15:08.579547
354,D-8745-ZITOM,D,valid,False,0,,,2026-02-01T07:15:08.579551
355,D-1766-WIFES,D,valid,False,0,,,2026-02-01T07:15:08.579554
356,D-9177-VILAV,D,valid,False,0,,,2026-02-01T07:15:08.579559
357,D-6232-DOZUS,D,valid,False,0,,,2026-02-01T07:15:08.579562
358,D-3738-VEMUC,D,valid,False,0,,,2026-02-01T07:15:08.579565
359,D-3127-YIPEJ,D,valid,False,0,,,2026-02-01T07:15:08.579568
360,D-7626-PIROV,D,valid,False,0,,,2026-02-01T07:15:08.579575
361,D-6620-JIKEW,D,valid,False,0,,,2026-02-01T07:15:08.579578
362,D-9410-WETAJ,D,valid,False,0,,,2026-02-01T07:15:08.579581
363,D-5913-WUZEF,D,valid,False,0,,,2026-02-01T07:15:08.579584
364,D-4234-ZECIC,D,valid,False,0,,,2026-02-01T07:15:08.579587
365,D-8465-RODET,D,valid,False,0,,,2026-02-01T07:15:08.579589
366,D-4644-XALOF,D,valid,False,0,,,2026-02-01T07:15:08.579592
367,D-8444-SUMIW,D,valid,False,0,,,2026-02-01T07:15:08.579595
368,D-1734-XESEN,D,valid,False,0,,,2026-02-01T07:15:08.579598
369,D-6156-WEWOX,D,valid,False,0,,,2026-02-01T07:15:08.579601
370,D-8886-LOZUD,D,valid,False,0,,,2026-02-01T07:15:08.579604
371,D-6171-CICOF,D,valid,False,0,,,2026-02-01T07:15:08.579606
372,D-2294-WIXAS,D,valid,False,0,,,2026-02-01T07:15:08.579609
373,D-7467-LUCOV,D,valid,False,0,,,2026-02-01T07:15:08.579622
374,D-3160-ROLOW,D,valid,False,0,,,2026-02-01T07:15:08.579625
375,D-9175-JALAN,D,valid,False,0,,,2026-02-01T07:15:08.579628
376,D-9933-DOWED,D,valid,False,0,,,2026-02-01T07:15:08.579631
377,D-7130-RUHUN,D,valid,False,0,,,2026-02-01T07:15:08.579634
378,D-7455-TUSIG,D,valid,False,0,,,2026-02-01T07:15:08.579637
379,D-1363-ZONAL,D,valid,False,0,,,2026-02-01T07:15:08.579640
380,D-4159-YEMOW,D,valid,False,0,,,2026-02-01T07:15:08.579646
381,D-9911-ZEXOW,D,valid,False,0,,,2026-02-01T07:15:08.579649
382,D-7929-KIDEK,D,valid,False,0,,,2026-02-01T07:15:08.579652
383,D-2491-CIKUP,D,valid,False,0,,,2026-02-01T07:15:08.579655
384,D-9364-WOJOL,D,valid,False,0,,,2026-02-01T07:15:08.579658
385,D-1488-NELIK,D,valid,False,0,,,2026-02-01T07:15:08.579661
386,D-5032-VODEL,D,valid,False,0,,,2026-02-01T07:15:08.579664
387,D-4889-YOZAK,D,valid,False,0,,,2026-02-01T07:15:08.579667
388,D-7278-COREN,D,valid,False,0,,,2026-02-01T07:15:08.579670
389,D-5059-HISEM,D,valid,False,0,,,2026-02-01T07:15:08.579673
390,D-7669-TUXUC,D,valid,False,0,,,2026-02-01T07:15:08.579676
391,D-2829-LUNAB,D,valid,False,0,,,2026-02-01T07:15:08.579679
392,D-6478-CARAG,D,valid,False,0,,,2026-02-01T07:15:08.579681
393,D-8667-MIMAV,D,valid,False,0,,,2026-02-01T07:15:08.579684
394,D-7248-HEROH,D,valid,False,0,,,2026-02-01T07:15:08.579687
395,D-7583-SOROH,D,valid,False,0,,,2026-02-01T07:15:08.579690
396,D-3598-FODIP,D,valid,False,0,,,2026-02-01T07:15:08.579693
397,D-1870-ZAROT,D,valid,False,0,,,2026-02-01T07:15:08.579696
398,D-9950-VODEW,D,valid,False,0,,,2026-02-01T07:15:08.579699
399,D-5203-ROLUZ,D,valid,False,0,,,2026-02-01T07:15:08.579704
400,D-9316-MAHIR,D,valid,False,0,,,2026-02-01T07:15:08.579707
401,E-5631-BAPIX,E,valid,False,0,,,2026-02-01T07:15:08.579758
402,E-1179-PEWEW,E,valid,False,0,,,2026-02-01T07:15:08.579762
403,E-2434-JEBER,E,valid,False,0,,,2026-02-01T07:15:08.579765
404,E-7934-FUROM,E,valid,False,0,,,2026-02-01T07:15:08.579768
405,E-2552-ZUVIC,E,valid,False,0,,,2026-02-01T07:15:08.579776
406,E-6552-ZOSEK,E,valid,False,0,,,2026-02-01T07:15:08.579779
407,E-6553-DUZAC,E,valid,False,0,,,2026-02-01T07:15:08.579782
408,E-8499-JEPOH,E,valid,False,0,,,2026-02-01T07:15:08.579788
409,E-2739-CINAZ,E,valid,False,0,,,2026-02-01T07:15:08.579791
410,E-3907-VEKUK,E,valid,False,0,,,2026-02-01T07:15:08.579794
411,E-3512-WEVOR,E,valid,False,0,,,2026-02-01T07:15:08.579797
412,E-9686-YORED,E,valid,False,0,,,2026-02-01T07:15:08.579799
413,E-2529-HEMEJ,E,valid,False,0,,,2026-02-01T07:15:08.579802
414,E-7645-HOFOB,E,valid,False,0,,,2026-02-01T07:15:08.579805
415,E-1616-MEWAS,E,valid,False,0,,,2026-02-01T07:15:08.579808
416,E-3692-CEGON,E,valid,False,0,,,2026-02-01T07:15:08.579811
417,E-1335-MAFOS,E,valid,False,0,,,2026-02-01T07:15:08.579814
418,E-9751-RIFID,E,valid,False,0,,,2026-02-01T07:15:08.579817
419,E-1688-DEROC,E,valid,False,0,,,2026-02-01T07:15:08.579822
420,E-7800-KUNAM,E,valid,False,0,,,2026-02-01T07:15:08.579825
421,E-5646-LUWOB,E,valid,False,0,,,2026-02-01T07:15:08.579828
422,E-8322-JEZAP,E,valid,False,0,,,2026-02-01T07:15:08.579831
423,E-8740-BIREG,E,valid,False,0,,,2026-02-01T07:15:08.579834
424,E-4401-JACEM,E,valid,False,0,,,2026-02-01T07:15:08.579837
425,E-3965-SECOG,E,valid,False,0,,,2026-02-01T07:15:08.579840
426,E-7261-CILOB,E,valid,False,0,,,2026-02-01T07:15:08.579842
427,E-5028-DADEV,E,valid,False,0,,,2026-02-01T07:15:08.579845
428,E-6647-CEFUX,E,valid,False,0,,,2026-02-01T07:15:08.579848
429,E-7012-FAZIW,E,valid,False,0,,,2026-02-01T07:15:08.579851
430,E-4046-FUCID,E,valid,False,0,,,2026-02-01T07:15:08.579854
431,E-8185-KICIK,E,valid,False,0,,,2026-02-01T07:15:08.579857
432,E-8810-JULIH,E,valid,False,0,,,2026-02-01T07:15:08.579860
433,E-6167-DEFEG,E,valid,False,0,,,2026-02-01T07:15:08.579863
434,E-8537-YIGUJ,E,valid,False,0,,,2026-02-01T07:15:08.579866
435,E-2133-GACOT,E,valid,False,0,,,2026-02-01T07:15:08.579869
436,E-1180-TEYUG,E,valid,False,0,,,2026-02-01T07:15:08.579874
437,E-7668-WALIM,E,valid,False,0,,,2026-02-01T07:15:08.579878
438,E-3506-PAHIW,E,valid,False,0,,,2026-02-01T07:15:08.579883
439,E-8701-TECIX,E,valid,False,0,,,2026-02-01T07:15:08.579886
440,E-1566-FEHAJ,E,valid,False,0,,,2026-02-01T07:15:08.579889
441,E-4371-NULAS,E,valid,False,0,,,2026-02-01T07:15:08.579892
442,E-2104-VOMOW,E,valid,False,0,,,2026-02-01T07:15:08.579895
443,E-1029-CUBOZ,E,valid,False,0,,,2026-02-01T07:15:08.579898
444,E-7094-RUZUR,E,valid,False,0,,,2026-02-01T07:15:08.579901
445,E-4589-ZABED,E,valid,False,0,,,2026-02-01T07:15:08.579905
446,E-8853-GUBAS,E,valid,False,0,,,2026-02-01T07:15:08.579908
447,E-4985-VETIH,E,valid,False,0,,,2026-02-01T07:15:08.579911
448,E-3303-YETOT,E,valid,False,0,,,2026-02-01T07:15:08.579914
449,E-9023-XIFIF,E,valid,False,0,,,2026-02-01T07:15:08.579917
450,E-1924-XOXUL,E,valid,False,0,,,2026-02-01T07:15:08.579920
451,E-5868-NEGUC,E,valid,False,0,,,2026-02-01T07:15:08.579924
452,E-1831-MUWEY,E,valid,False,0,,,2026-02-01T07:15:08.579929
453,E-1910-FAGEJ,E,valid,False,0,,,2026-02-01T07:15:08.579934
454,E-8479-BIPAK,E,valid,False,0,,,2026-02-01T07:15:08.579938
455,E-6209-TUPUD,E,valid,False,0,,,2026-02-01T07:15:08.579954
456,E-9270-RIHIM,E,valid,False,0,,,2026-02-01T07:15:08.579959
457,E-2052-PAKES,E,valid,False,0,,,2026-02-01T07:15:08.579964
458,E-2605-WONAK,E,valid,False,0,,,2026-02-01T07:15:08.579974
459,E-7529-LAVOB,E,valid,False,0,,,2026-02-01T07:15:08.579981
460,E-2100-CECUC,E,valid,False,0,,,2026-02-01T07:15:08.579986
461,E-7962-WUYIT,E,valid,False,0,,,2026-02-01T07:15:08.579992
462,E-7090-VUZUJ,E,valid,False,0,,,2026-02-01T07:15:08.579997
463,E-9593-HAJIF,E,valid,False,0,,,2026-02-01T07:15:08.580000
464,E-7124-FEJUL,E,valid,False,0,,,2026-02-01T07:15:08.580003
465,E-2327-GABAF,E,valid,False,0,,,2026-02-01T07:15:08.580006
466,E-3141-YUKEM,E,valid,False,0,,,2026-02-01T07:15:08.580009
467,E-4507-ROBER,E,valid,False,0,,,2026-02-01T07:15:08.580012
468,E-1773-NIDEB,E,valid,False,0,,,2026-02-01T07:15:08.580018
469,E-3644-BILIS,E,valid,False,0,,,2026-02-01T07:15:08.580021
470,E-8403-HUMOR,E,valid,False,0,,,2026-02-01T07:15:08.580024
471,E-8062-GEPUM,E,valid,False,0,,,2026-02-01T07:15:08.580027
472,E-9289-BESOW,E,valid,False,0,,,2026-02-01T07:15:08.580029
473,E-4306-SAPUN,E,valid,False,0,,,2026-02-01T07:15:08.580032
474,E-3967-MEBUP,E,valid,False,0,,,2026-02-01T07:15:08.580035
475,E-5280-XUGEC,E,valid,False,0,,,2026-02-01T07:15:08.580038
476,E-3950-CUNUJ,E,valid,False,0,,,2026-02-01T07:15:08.580041
477,E-6789-SAZAD,E,valid,False,0,,,2026-02-01T07:15:08.580046
478,E-6143-JOZOY,E,valid,False,0,,,2026-02-01T07:15:08.580049
479,E-3725-NUGAP,E,valid,False,0,,,2026-02-01T07:15:08.580052
480,E-6292-WEVUS,E,valid,False,0,,,2026-02-01T07:15:08.580055
481,E-9893-BAXUM,E,valid,False,0,,,2026-02-01T07:15:08.580058
482,E-7695-XAPOW,E,valid,False,0,,,2026-02-01T07:15:08.580061
483,E-6018-TUKAF,E,valid,False,0,,,2026-02-01T07:15:08.580064
484,E-9835-PUKUR,E,valid,False,0,,,2026-02-01T07:15:08.580067
485,E-7501-BITEH,E,valid,False,0,,,2026-02-01T07:15:08.580069
486,E-8497-ZUYAM,E,valid,False,0,,,2026-02-01T07:15:08.580072
487,E-1976-HIWUC,E,valid,False,0,,,2026-02-01T07:15:08.580075
488,E-5068-ZINAS,E,valid,False,0,,,2026-02-01T07:15:08.580078
489,E-8868-BEKET,E,valid,False,0,,,2026-02-01T07:15:08.580081
490,E-7385-WUCUV,E,valid,False,0,,,2026-02-01T07:15:08.580084
491,E-7464-VEWEH,E,valid,False,0,,,2026-02-01T07:15:08.580087
492,E-9571-XALEH,E,valid,False,0,,,2026-02-01T07:15:08.580090
493,E-1576-ROSUB,E,valid,False,0,,,2026-02-01T07:15:08.580093
494,E-4379-RUXER,E,valid,False,0,,,2026-02-01T07:15:08.580096
495,E-8622-RUHEP,E,valid,False,0,,,2026-02-01T07:15:08.580099
496,E-5348-REREF,E,valid,False,0,,,2026-02-01T07:15:08.580102
497,E-9392-VUCEZ,E,valid,False,0,,,2026-02-01T07:15:08.580107
498,E-5814-CIFUS,E,valid,False,0,,,2026-02-01T07:15:08.580110
499,E-4340-TENUX,E,valid,False,0,,,2026-02-01T07:15:08.580113
500,E-5209-KEVIZ,E,valid,False,0,,,2026-02-01T07:15:08.580119
501,F-5197-BARAS,F,valid,False,0,,,2026-02-01T07:15:08.580170
502,F-1013-SESOL,F,valid,False,0,,,2026-02-01T07:15:08.580174
503,F-6369-FOYAW,F,valid,False,0,,,2026-02-01T07:15:08.580178
504,F-5067-XITIG,F,valid,False,0,,,2026-02-01T07:15:08.580181
505,F-6022-TIBIV,F,valid,False,0,,,2026-02-01T07:15:08.580184
506,F-2902-XUSID,F,valid,False,0,,,2026-02-01T07:15:08.580187
507,F-8339-CIWUV,F,valid,False,0,,,2026-02-01T07:15:08.580190
508,F-1973-COYEN,F,valid,False,0,,,2026-02-01T07:15:08.580193
509,F-2824-KOBUN,F,valid,False,0,,,2026-02-01T07:15:08.580199
510,F-5513-ZELOL,F,valid,False,0,,,2026-02-01T07:15:08.580202
511,F-1770-FIBAF,F,valid,False,0,,,2026-02-01T07:15:08.580205
512,F-7749-SIGUM,F,valid,False,0,,,2026-02-01T07:15:08.580208
513,F-9388-DURIH,F,valid,False,0,,,2026-02-01T07:15:08.580211
514,F-5878-YINIL,F,valid,False,0,,,2026-02-01T07:15:08.580213
515,F-3490-KAHEX,F,valid,False,0,,,2026-02-01T07:15:08.580216
516,F-6360-XUGUW,F,valid,False,0,,,2026-02-01T07:15:08.580222
517,F-4522-SESIH,F,valid,False,0,,,2026-02-01T07:15:08.580225
518,F-7911-XEZAR,F,valid,False,0,,,2026-02-01T07:15:08.580228
519,F-7667-HOYIW,F,valid,False,0,,,2026-02-01T07:15:08.580231
520,F-8305-JEFOD,F,valid,False,0,,,2026-02-01T07:15:08.580234
521,F-2123-SOHIL,F,valid,False,0,,,2026-02-01T07:15:08.580236
522,F-4396-WEHUW,F,valid,False,0,,,2026-02-01T07:15:08.580240
523,F-4470-BEJIN,F,valid,False,0,,,2026-02-01T07:15:08.580243
524,F-5841-DOKON,F,valid,False,0,,,2026-02-01T07:15:08.580246
525,F-5159-DAGUG,F,valid,False,0,,,2026-02-01T07:15:08.580248
526,F-3922-NANEF,F,valid,False,0,,,2026-02-01T07:15:08.580251
527,F-7547-XUDOT,F,valid,False,0,,,2026-02-01T07:15:08.580254
528,F-9180-VIZOB,F,valid,False,0,,,2026-02-01T07:15:08.580257
529,F-3049-YICUH,F,valid,False,0,,,2026-02-01T07:15:08.580260
530,F-4681-YESOP,F,valid,False,0,,,2026-02-01T07:15:08.580263
531,F-6647-MEXAX,F,valid,False,0,,,2026-02-01T07:15:08.580266
532,F-9356-TIRIX,F,valid,False,0,,,2026-02-01T07:15:08.580271
533,F-2519-NADAH,F,valid,False,0,,,2026-02-01T07:15:08.580275
534,F-4267-JITEM,F,valid,False,0,,,2026-02-01T07:15:08.580277
535,F-7608-ROVUW,F,valid,False,0,,,2026-02-01T07:15:08.580280
536,F-6516-MATAK,F,valid,False,0,,,2026-02-01T07:15:08.580287
537,F-1570-PEVUT,F,valid,False,0,,,2026-02-01T07:15:08.580291
538,F-3203-SALUS,F,valid,False,0,,,2026-02-01T07:15:08.580293
539,F-7890-WIYOF,F,valid,False,0,,,2026-02-01T07:15:08.580301
540,F-2779-ZICOC,F,valid,False,0,,,2026-02-01T07:15:08.580304
541,F-8522-BAXOS,F,valid,False,0,,,2026-02-01T07:15:08.580308
542,F-9458-VIHAC,F,valid,False,0,,,2026-02-01T07:15:08.580313
543,F-9946-SIWEC,F,valid,False,0,,,2026-02-01T07:15:08.580317
544,F-4684-XALOW,F,valid,False,0,,,2026-02-01T07:15:08.580321
545,F-6405-JUPOL,F,valid,False,0,,,2026-02-01T07:15:08.580325
546,F-8566-MODIH,F,valid,False,0,,,2026-02-01T07:15:08.580329
547,F-6788-BELEB,F,valid,False,0,,,2026-02-01T07:15:08.580333
548,F-5427-KAMIW,F,valid,False,0,,,2026-02-01T07:15:08.580337
549,F-8773-TAVOY,F,valid,False,0,,,2026-02-01T07:15:08.580341
550,F-5917-MALOY,F,valid,False,0,,,2026-02-01T07:15:08.580345
551,F-6915-HEWAH,F,valid,False,0,,,2026-02-01T07:15:08.580349
552,F-9364-YAGUH,F,valid,False,0,,,2026-02-01T07:15:08.580354
553,F-2024-LUDEP,F,valid,False,0,,,2026-02-01T07:15:08.580358
554,F-1898-FITIF,F,valid,False,0,,,2026-02-01T07:15:08.580361
555,F-1288-DEGAS,F,valid,False,0,,,2026-02-01T07:15:08.580368
556,F-7948-KULEZ,F,valid,False,0,,,2026-02-01T07:15:08.580373
557,F-4067-VUKAN,F,valid,False,0,,,2026-02-01T07:15:08.580377
558,F-7201-VOMUZ,F,valid,False,0,,,2026-02-01T07:15:08.580382
559,F-5065-ZUWAK,F,valid,False,0,,,2026-02-01T07:15:08.580385
560,F-3700-KIYIC,F,valid,False,0,,,2026-02-01T07:15:08.580392
561,F-8737-GOWAC,F,valid,False,0,,,2026-02-01T07:15:08.580397
562,F-4545-ZIKOH,F,valid,False,0,,,2026-02-01T07:15:08.580401
563,F-1070-GEGEH,F,valid,False,0,,,2026-02-01T07:15:08.580405
564,F-7938-XEJEJ,F,valid,False,0,,,2026-02-01T07:15:08.580412
565,F-6187-WITUV,F,valid,False,0,,,2026-02-01T07:15:08.580416
566,F-9041-DAJIT,F,valid,False,0,,,2026-02-01T07:15:08.580420
567,F-2707-HABOB,F,valid,False,0,,,2026-02-01T07:15:08.580424
568,F-9118-WIFAP,F,valid,False,0,,,2026-02-01T07:15:08.580428
569,F-7291-LAMUC,F,valid,False,0,,,2026-02-01T07:15:08.580432
570,F-2276-RODIY,F,valid,False,0,,,2026-02-01T07:15:08.580436
571,F-2818-FOZAK,F,valid,False,0,,,2026-02-01T07:15:08.580441
572,F-2200-JITUD,F,valid,False,0,,,2026-02-01T07:15:08.580445
573,F-3228-CIGEN,F,valid,False,0,,,2026-02-01T07:15:08.580448
574,F-7760-FONIS,F,valid,False,0,,,2026-02-01T07:15:08.580451
575,F-3744-HICUS,F,valid,False,0,,,2026-02-01T07:15:08.580457
576,F-7146-WASIF,F,valid,False,0,,,2026-02-01T07:15:08.580460
577,F-9009-ZAMIF,F,valid,False,0,,,2026-02-01T07:15:08.580463
578,F-1791-FOLUW,F,valid,False,0,,,2026-02-01T07:15:08.580466
579,F-6847-WOSOV,F,valid,False,0,,,2026-02-01T07:15:08.580469
580,F-1428-DIXOT,F,valid,False,0,,,2026-02-01T07:15:08.580472
581,F-2572-VAGAL,F,valid,False,0,,,2026-02-01T07:15:08.580475
582,F-8167-VUYEV,F,valid,False,0,,,2026-02-01T07:15:08.580477
583,F-7909-XEJEZ,F,valid,False,0,,,2026-02-01T07:15:08.580480
584,F-8445-CIPEJ,F,valid,False,0,,,2026-02-01T07:15:08.580483
585,F-6089-XAKOK,F,valid,False,0,,,2026-02-01T07:15:08.580489
586,F-7580-WUDAR,F,valid,False,0,,,2026-02-01T07:15:08.580491
587,F-5925-ZURIX,F,valid,False,0,,,2026-02-01T07:15:08.580494
588,F-2543-YAVUN,F,valid,False,0,,,2026-02-01T07:15:08.580498
589,F-6328-WUFEB,F,valid,False,0,,,2026-02-01T07:15:08.580501
590,F-2708-CAPAG,F,valid,False,0,,,2026-02-01T07:15:08.580504
591,F-8765-MOWOH,F,valid,False,0,,,2026-02-01T07:15:08.580506
592,F-7888-JILIF,F,valid,False,0,,,2026-02-01T07:15:08.580509
593,F-3987-XERIB,F,valid,False,0,,,2026-02-01T07:15:08.580512
594,F-6051-ROCIY,F,valid,False,0,,,2026-02-01T07:15:08.580517
595,F-1547-HUNID,F,valid,False,0,,,2026-02-01T07:15:08.580520
596,F-4301-LOKEB,F,valid,False,0,,,2026-02-01T07:15:08.580526
597,F-1313-RUJEL,F,valid,False,0,,,2026-02-01T07:15:08.580529
598,F-5217-YOPIR,F,valid,False,0,,,2026-02-01T07:15:08.580532
599,F-5520-NOKOC,F,valid,False,0,,,2026-02-01T07:15:08.580535
600,F-7708-KAPAD,F,valid,False,0,,,2026-02-01T07:15:08.580538
601,G-1579-MULUD,G,valid,False,0,,,2026-02-01T07:15:08.580591
602,G-7574-KAYEZ,G,valid,False,0,,,2026-02-01T07:15:08.580596
603,G-6672-SOPEN,G,valid,False,0,,,2026-02-01T07:15:08.580600
604,G-2554-LILAG,G,valid,False,0,,,2026-02-01T07:15:08.580604
605,G-4310-HASIZ,G,valid,False,0,,,2026-02-01T07:15:08.580608
606,G-5655-SIMED,G,valid,False,0,,,2026-02-01T07:15:08.580613
607,G-7234-DEROT,G,valid,False,0,,,2026-02-01T07:15:08.580622
608,G-5210-WIHAH,G,valid,False,0,,,2026-02-01T07:15:08.580626
609,G-3011-LIBAL,G,valid,False,0,,,2026-02-01T07:15:08.580630
610,G-9552-HEMUW,G,valid,False,0,,,2026-02-01T07:15:08.580634
611,G-4918-BUYIX,G,valid,False,0,,,2026-02-01T07:15:08.580638
612,G-5497-LIWAM,G,valid,False,0,,,2026-02-01T07:15:08.580646
613,G-3580-KIPUH,G,valid,False,0,,,2026-02-01T07:15:08.580650
614,G-5562-GEJOX,G,valid,False,0,,,2026-02-01T07:15:08.580657
615,G-6169-HUFIW,G,valid,False,0,,,2026-02-01T07:15:08.580661
616,G-4400-PUPUJ,G,valid,False,0,,,2026-02-01T07:15:08.580665
617,G-8390-RACUP,G,valid,False,0,,,2026-02-01T07:15:08.580668
618,G-2073-CAZIN,G,valid,False,0,,,2026-02-01T07:15:08.580671
619,G-9267-TUYES,G,valid,False,0,,,2026-02-01T07:15:08.580674
620,G-1689-GIREK,G,valid,False,0,,,2026-02-01T07:15:08.580677
621,G-6250-RUXIT,G,valid,False,0,,,2026-02-01T07:15:08.580680
622,G-3718-TARAD,G,valid,False,0,,,2026-02-01T07:15:08.580682
623,G-8870-HAREL,G,valid,False,0,,,2026-02-01T07:15:08.580685
624,G-4312-DOXEN,G,valid,False,0,,,2026-02-01T07:15:08.580688
625,G-8835-DASOL,G,valid,False,0,,,2026-02-01T07:15:08.580691
626,G-5227-SAKED,G,valid,False,0,,,2026-02-01T07:15:08.580694
627,G-6380-MIXAR,G,valid,False,0,,,2026-02-01T07:15:08.580697
628,G-8095-GUNUN,G,valid,False,0,,,2026-02-01T07:15:08.580702
629,G-3186-ROHEN,G,valid,False,0,,,2026-02-01T07:15:08.580705
630,G-8378-FUDUH,G,valid,False,0,,,2026-02-01T07:15:08.580708
631,G-5401-WUFON,G,valid,False,0,,,2026-02-01T07:15:08.580711
632,G-8492-MUKAJ,G,valid,False,0,,,2026-02-01T07:15:08.580714
633,G-5896-CORUP,G,valid,False,0,,,2026-02-01T07:15:08.580719
634,G-9856-GEHOW,G,valid,False,0,,,2026-02-01T07:15:08.580722
635,G-9837-BILES,G,valid,False,0,,,2026-02-01T07:15:08.580726
636,G-4935-PARAL,G,valid,False,0,,,2026-02-01T07:15:08.580729
637,G-3059-ZUGOY,G,valid,False,0,,,2026-02-01T07:15:08.580732
638,G-6668-GOBUZ,G,valid,False,0,,,2026-02-01T07:15:08.580734
639,G-8800-YIJEV,G,valid,False,0,,,2026-02-01T07:15:08.580737
640,G-8064-YODIJ,G,valid,False,0,,,2026-02-01T07:15:08.580740
641,G-4877-XAREP,G,valid,False,0,,,2026-02-01T07:15:08.580743
642,G-6915-DOJER,G,valid,False,0,,,2026-02-01T07:15:08.580746
643,G-4096-CIFOJ,G,valid,False,0,,,2026-02-01T07:15:08.580749
644,G-9808-FIWEG,G,valid,False,0,,,2026-02-01T07:15:08.580752
645,G-2183-LISIJ,G,valid,False,0,,,2026-02-01T07:15:08.580755
646,G-1358-CUBUX,G,valid,False,0,,,2026-02-01T07:15:08.580758
647,G-8412-JODED,G,valid,False,0,,,2026-02-01T07:15:08.580761
648,G-7036-TEJAV,G,valid,False,0,,,2026-02-01T07:15:08.580764
649,G-8427-JUYIF,G,valid,False,0,,,2026-02-01T07:15:08.580766
650,G-1966-SASIH,G,valid,False,0,,,2026-02-01T07:15:08.580769
651,G-1400-DIZIT,G,valid,False,0,,,2026-02-01T07:15:08.580772
652,G-9216-WUKID,G,valid,False,0,,,2026-02-01T07:15:08.580775
653,G-5752-SAMEV,G,valid,False,0,,,2026-02-01T07:15:08.580780
654,G-5563-LIWIG,G,valid,False,0,,,2026-02-01T07:15:08.580783
655,G-6299-PONOG,G,valid,False,0,,,2026-02-01T07:15:08.580786
656,G-3901-NUWER,G,valid,False,0,,,2026-02-01T07:15:08.580789
657,G-9919-ZUVUW,G,valid,False,0,,,2026-02-01T07:15:08.580792
658,G-4699-KAMOH,G,valid,False,0,,,2026-02-01T07:15:08.580795
659,G-9706-PAZOC,G,valid,False,0,,,2026-02-01T07:15:08.580798
660,G-7104-ZAYIX,G,valid,False,0,,,2026-02-01T07:15:08.580803
661,G-5650-NEMAG,G,valid,False,0,,,2026-02-01T07:15:08.580807
662,G-8499-LOMEM,G,valid,False,0,,,2026-02-01T07:15:08.580812
663,G-8759-RATEN,G,valid,False,0,,,2026-02-01T07:15:08.580815
664,G-2329-WAVOT,G,valid,False,0,,,2026-02-01T07:15:08.580818
665,G-3035-BIVEH,G,valid,False,0,,,2026-02-01T07:15:08.580820
666,G-5573-PISIB,G,valid,False,0,,,2026-02-01T07:15:08.580823
667,G-9725-XAHIG,G,valid,False,0,,,2026-02-01T07:15:08.580826
668,G-9890-VECAD,G,valid,False,0,,,2026-02-01T07:15:08.580829
669,G-9458-PEXEB,G,valid,False,0,,,2026-02-01T07:15:08.580832
670,G-1544-PUWEZ,G,valid,False,0,,,2026-02-01T07:15:08.580835
671,G-6282-DENUV,G,valid,False,0,,,2026-02-01T07:15:08.580838
672,G-1351-TIRIN,G,valid,False,0,,,2026-02-01T07:15:08.580845
673,G-4981-WESIV,G,valid,False,0,,,2026-02-01T07:15:08.580848
674,G-2890-TIBUW,G,valid,False,0,,,2026-02-01T07:15:08.580851
675,G-8872-TEVIL,G,valid,False,0,,,2026-02-01T07:15:08.580854
676,G-2606-ZERUS,G,valid,False,0,,,2026-02-01T07:15:08.580857
677,G-9259-DOYIB,G,valid,False,0,,,2026-02-01T07:15:08.580860
678,G-3876-XIBAN,G,valid,False,0,,,2026-02-01T07:15:08.580862
679,G-3272-GOWEH,G,valid,False,0,,,2026-02-01T07:15:08.580865
680,G-7508-RORIJ,G,valid,False,0,,,2026-02-01T07:15:08.580868
681,G-9892-RIJIG,G,valid,False,0,,,2026-02-01T07:15:08.580871
682,G-7964-ZUWOJ,G,valid,False,0,,,2026-02-01T07:15:08.580874
683,G-7420-DEXUK,G,valid,False,0,,,2026-02-01T07:15:08.580877
684,G-3194-FALAX,G,valid,False,0,,,2026-02-01T07:15:08.580880
685,G-9587-YEVUF,G,valid,False,0,,,2026-02-01T07:15:08.580883
686,G-1163-WULOV,G,valid,False,0,,,2026-02-01T07:15:08.580886
687,G-6343-SAHUV,G,valid,False,0,,,2026-02-01T07:15:08.580889
688,G-2817-RIKOD,G,valid,False,0,,,2026-02-01T07:15:08.580892
689,G-9827-TOMIG,G,valid,False,0,,,2026-02-01T07:15:08.580894
690,G-8018-GUZUV,G,valid,False,0,,,2026-02-01T07:15:08.580897
691,G-5413-DUPIX,G,valid,False,0,,,2026-02-01T07:15:08.580902
692,G-2278-WEYOZ,G,valid,False,0,,,2026-02-01T07:15:08.580909
693,G-8559-CEYOY,G,valid,False,0,,,2026-02-01T07:15:08.580912
694,G-7831-KAWOG,G,valid,False,0,,,2026-02-01T07:15:08.580915
695,G-1373-ZAJUC,G,valid,False,0,,,2026-02-01T07:15:08.580918
696,G-1787-SUVOZ,G,valid,False,0,,,2026-02-01T07:15:08.580921
697,G-3688-TIDIC,G,valid,False,0,,,2026-02-01T07:15:08.581874
698,G-7473-LAKOK,G,valid,False,0,,,2026-02-01T07:15:08.581884
699,G-9284-BODOC,G,valid,False,0,,,2026-02-01T07:15:08.581888
700,G-5154-FIYUT,G,valid,False,0,,,2026-02-01T07:15:08.581891
701,H-9452-ROFOT,H,valid,False,0,,,2026-02-01T07:15:08.581986
702,H-7799-LAZEW,H,valid,False,0,,,2026-02-01T07:15:08.581991
703,H-3250-BUVIW,H,valid,False,0,,,2026-02-01T07:15:08.581994
704,H-5121-KANOY,H,valid,False,0,,,2026-02-01T07:15:08.581997
705,H-7888-MEVUJ,H,valid,False,0,,,2026-02-01T07:15:08.581999
706,H-4795-CAGIN,H,valid,False,0,,,2026-02-01T07:15:08.582002
707,H-5927-SOGIS,H,valid,False,0,,,2026-02-01T07:15:08.582005
708,H-8587-ROJUG,H,valid,False,0,,,2026-02-01T07:15:08.582008
709,H-8599-NEFOR,H,valid,False,0,,,2026-02-01T07:15:08.582011
710,H-3819-PUPEZ,H,valid,False,0,,,2026-02-01T07:15:08.582014
711,H-4759-TIVOV,H,valid,False,0,,,2026-02-01T07:15:08.582017
712,H-3540-TORON,H,valid,False,0,,,2026-02-01T07:15:08.582020
713,H-4202-XAXUD,H,valid,False,0,,,2026-02-01T07:15:08.582023
714,H-1367-GUGIW,H,valid,False,0,,,2026-02-01T07:15:08.582034
715,H-8159-ZIYED,H,valid,False,0,,,2026-02-01T07:15:08.582037
716,H-7218-XABUL,H,valid,False,0,,,2026-02-01T07:15:08.582043
717,H-8463-DEXUG,H,valid,False,0,,,2026-02-01T07:15:08.582046
718,H-1139-NOBAM,H,valid,False,0,,,2026-02-01T07:15:08.582049
719,H-5181-DUXUF,H,valid,False,0,,,2026-02-01T07:15:08.582052
720,H-2526-FOVOC,H,valid,False,0,,,2026-02-01T07:15:08.582055
721,H-1536-SAMIY,H,valid,False,0,,,2026-02-01T07:15:08.582057
722,H-1984-BIPAJ,H,valid,False,0,,,2026-02-01T07:15:08.582060
723,H-7437-ZIVEX,H,valid,False,0,,,2026-02-01T07:15:08.582063
724,H-7828-FEFAN,H,valid,False,0,,,2026-02-01T07:15:08.582066
725,H-7521-YIGOY,H,valid,False,0,,,2026-02-01T07:15:08.582071
726,H-1130-MOMIM,H,valid,False,0,,,2026-02-01T07:15:08.582075
727,H-2940-YOROB,H,valid,False,0,,,2026-02-01T07:15:08.582077
728,H-8839-BETOM,H,valid,False,0,,,2026-02-01T07:15:08.582080
729,H-6063-ZAGAG,H,valid,False,0,,,2026-02-01T07:15:08.582083
730,H-5738-WIDOB,H,valid,False,0,,,2026-02-01T07:15:08.582086
731,H-4104-CIWEW,H,valid,False,0,,,2026-02-01T07:15:08.582088
732,H-3147-CABIT,H,valid,False,0,,,2026-02-01T07:15:08.582091
733,H-4413-NOTAL,H,valid,False,0,,,2026-02-01T07:15:08.582094
734,H-8571-ZUHAK,H,valid,False,0,,,2026-02-01T07:15:08.582100
735,H-4703-CIZUV,H,valid,False,0,,,2026-02-01T07:15:08.582103
736,H-9382-WOWOS,H,valid,False,0,,,2026-02-01T07:15:08.582105
737,H-4955-ZUBID,H,valid,False,0,,,2026-02-01T07:15:08.582108
738,H-1680-SAYUY,H,valid,False,0,,,2026-02-01T07:15:08.582113
739,H-8965-BIGOM,H,valid,False,0,,,2026-02-01T07:15:08.582116
740,H-6177-CIJIL,H,valid,False,0,,,2026-02-01T07:15:08.582119
741,H-7932-BUWEL,H,valid,False,0,,,2026-02-01T07:15:08.582122
742,H-2351-CASOX,H,valid,False,0,,,2026-02-01T07:15:08.582125
743,H-4487-YOGEX,H,valid,False,0,,,2026-02-01T07:15:08.582128
744,H-9080-HAWIL,H,valid,False,0,,,2026-02-01T07:15:08.582130
745,H-6681-DIJOR,H,valid,False,0,,,2026-02-01T07:15:08.582133
746,H-5215-MOPOV,H,valid,False,0,,,2026-02-01T07:15:08.582136
747,H-5991-WOHIR,H,valid,False,0,,,2026-02-01T07:15:08.582139
748,H-9108-ZIRUG,H,valid,False,0,,,2026-02-01T07:15:08.582142
749,H-4410-LANUD,H,valid,False,0,,,2026-02-01T07:15:08.582145
750,H-9067-RUZIS,H,valid,False,0,,,2026-02-01T07:15:08.582147
751,H-7922-RIBAT,H,valid,False,0,,,2026-02-01T07:15:08.582150
752,H-2612-TIXIW,H,valid,False,0,,,2026-02-01T07:15:08.582153
753,H-1613-FEKAY,H,valid,False,0,,,2026-02-01T07:15:08.582159
754,H-2970-GEFIM,H,valid,False,0,,,2026-02-01T07:15:08.582162
755,H-9826-CUSAP,H,valid,False,0,,,2026-02-01T07:15:08.582165
756,H-3635-FOWEZ,H,valid,False,0,,,2026-02-01T07:15:08.582167
757,H-4035-TELIS,H,valid,False,0,,,2026-02-01T07:15:08.582170
758,H-2509-DURIF,H,valid,False,0,,,2026-02-01T07:15:08.582173
759,H-4681-HIXIY,H,valid,False,0,,,2026-02-01T07:15:08.582176
760,H-2038-VORIF,H,valid,False,0,,,2026-02-01T07:15:08.582179
761,H-1317-DAWEJ,H,valid,False,0,,,2026-02-01T07:15:08.582182
762,H-9441-XIKUV,H,valid,False,0,,,2026-02-01T07:15:08.582186
763,H-4973-TEFUS,H,valid,False,0,,,2026-02-01T07:15:08.582190
764,H-1099-MOPIJ,H,valid,False,0,,,2026-02-01T07:15:08.582193
765,H-7659-MELOZ,H,valid,False,0,,,2026-02-01T07:15:08.582197
766,H-9552-MURUN,H,valid,False,0,,,2026-02-01T07:15:08.582201
767,H-4265-MEMEN,H,valid,False,0,,,2026-02-01T07:15:08.582205
768,H-4456-TUPAC,H,valid,False,0,,,2026-02-01T07:15:08.582209
769,H-1588-PIJOZ,H,valid,False,0,,,2026-02-01T07:15:08.582212
770,H-9774-NAGAL,H,valid,False,0,,,2026-02-01T07:15:08.582219
771,H-3622-FOVUZ,H,valid,False,0,,,2026-02-01T07:15:08.582223
772,H-2016-NANEZ,H,valid,False,0,,,2026-02-01T07:15:08.582227
773,H-9798-PAPEG,H,valid,False,0,,,2026-02-01T07:15:08.582234
774,H-5408-YAGIV,H,valid,False,0,,,2026-02-01T07:15:08.582237
775,H-7115-WOGOR,H,valid,False,0,,,2026-02-01T07:15:08.582240
776,H-8155-SUHEC,H,valid,False,0,,,2026-02-01T07:15:08.582245
777,H-1510-GOSES,H,valid,False,0,,,2026-02-01T07:15:08.582248
778,H-9376-GEPUD,H,valid,False,0,,,2026-02-01T07:15:08.582251
779,H-1043-XUXAM,H,valid,False,0,,,2026-02-01T07:15:08.582254
780,H-3389-MITET,H,valid,False,0,,,2026-02-01T07:15:08.582256
781,H-1328-SULOF,H,valid,False,0,,,2026-02-01T07:15:08.582259
782,H-7992-MIZEK,H,valid,False,0,,,2026-02-01T07:15:08.582262
783,H-6964-YOXEH,H,valid,False,0,,,2026-02-01T07:15:08.582264
784,H-5142-HAGAL,H,valid,False,0,,,2026-02-01T07:15:08.582267
785,H-8460-DOLIY,H,valid,False,0,,,2026-02-01T07:15:08.582270
786,H-5951-VALAX,H,valid,False,0,,,2026-02-01T07:15:08.582273
787,H-5988-POSOB,H,valid,False,0,,,2026-02-01T07:15:08.582275
788,H-2726-FESEW,H,valid,False,0,,,2026-02-01T07:15:08.582278
789,H-2940-HEVAX,H,valid,False,0,,,2026-02-01T07:15:08.582281
790,H-7187-ROSIK,H,valid,False,0,,,2026-02-01T07:15:08.582284
791,H-8960-ZUNAK,H,valid,False,0,,,2026-02-01T07:15:08.582286
792,H-6467-TUVEB,H,valid,False,0,,,2026-02-01T07:15:08.582292
793,H-8338-HAXEM,H,valid,False,0,,,2026-02-01T07:15:08.582294
794,H-6716-SUKEF,H,valid,False,0,,,2026-02-01T07:15:08.582297
795,H-9894-MOSOH,H,valid,False,0,,,2026-02-01T07:15:08.582300
796,H-7760-XOWAB,H,valid,False,0,,,2026-02-01T07:15:08.582303
797,H-5540-JITES,H,valid,False,0,,,2026-02-01T07:15:08.582306
798,H-6969-XOLAP,H,valid,False,0,,,2026-02-01T07:15:08.582308
799,H-6309-TUVEN,H,valid,False,0,,,2026-02-01T07:15:08.582311
800,H-8379-ZAMOG,H,valid,False,0,,,2026-02-01T07:15:08.582314
